order_id,order_date,ship_date,customer_id,customer_name,city,state,country,postal_code,segment,product_id,category,sub_category,product_name,quantity,unit_price,discount,shipping_cost,payment_method,order_status,returned,review_rating,currency,sales_reported,sales_expected,profit
AMZ-100100,2024-10-15,12-10-2024,CUST-1237,Jay,Noida,Uttar Pradesh,India,110 001,Corporate,SKU-38257,Home & Kitchen,Cookware,Knife Set,2,34427.59,0.0,454.96,Credit Card,Returned,Yes,5,INR,68855.18,68855.18,7190.25
AMZ-100015,25-10-2025,30-10-2025,CUST-1217,Hari,Mumbai,Maharashtra,India,110001,Corporate,SKU-59131,Home & Kitchen,Furniture,Office Chair,2,6366.21,0.2,696.69,UPI,Cancelled,Yes,3,USD,11007.04,10185.94,1297.6
AMZ-100083,14-01-2025,2025-01-18,CUST-1084,Riya,Pune,Maharashtra,india,600001,Corporate,SKU-19830,Electronics,Laptops,Dell Inspiron,2,"₹46,875.64",20%,1792.09,UPI,Cancelled,Yes,1,INR,75001.02,75001.02,19451.16
AMZ-100099,22/02/2025,26/02/2025,CUST-1084,Pooja,Delhi,Delhi,India,ABCDE,Home Office,SKU-37112,Books,Non-Fiction,,3,89356.3,0.1,1170.9,NetBanking,Shipped,No,5,USD,308164.82,241262.01,68201.3
AMZ-100110,17/05/2025,20-05-2025,CUST-1398,Riya,Hyderabad,Telangana,IND,110001,Consumer,SKU-81233,Books,Children,Activity Book,5,32660.0,0.2,1822.75,UPI,Returned,Yes,2,INR,130640.0,130640.0,18196.37
AMZ-100006,06-09-2025,07-09-2025,CUST-1115,Hari,Bengaluru,Karnataka,India,201301,Corporate,SKU-54608,Books,Children,Fairy Tales,5,54892.3,0.15,381.27,NetBanking,Returned,Yes,2,INR,233292.28,233292.28,30467.5
AMZ-100111,10/02/2025,13-02-2025,CUST-1029,Farhan,Noida,Uttar Pradesh,India,400001,Home Office,SKU-60868,Fashion,Women Clothing,Leggings,1,113985.98,0.2,1230.7,Net Banking,canceled,Yes,1,USD,91188.78,91188.78,23803.09
AMZ-100025,2024-06-09,14-06-2024,CUST-1102,Jay,Pune,Maharashtra,India,500 001,Corporate,SKU-66446,Home & Kitchen,Appliances,Mixer Grinder,1,31446.6,0.0,195.27,Net Banking,Delivered,No,3,INR,31446.6,31446.6,3919.05
AMZ-100084,07/05/2025,08-05-2025,CUST-1190,Bharath,Mumbai,Maharashtra,India,201301,Corporate,SKU-20739,Books,Academic,Physics Guide,4,1497.36,0.0,1695.81,NetBanking,Returned,Yes,1,INR,5989.44,5989.44,62.26
AMZ-100092,09/10/2025,2025-10-10,CUST-1037,Qadir,Pune,Maharashtra,India,500001,Home Office,SKU-20592,Electronics,Laptops,Lenovo IdeaPad,3,8916.08,0.05,1784.87,Credit Card,Delivered,No,4,USD,25410.83,25410.83,-7261.86
AMZ-100078,22/10/2024,2025-09-30,CUST-1195,Nayan,Mumbai,Maharashtra,India,560001,Home Office,SKU-94840,Home & Kitchen,Appliances,Mixer Grinder,1,4893.56,0%,,COD,Delivered,No,bad,USD,4253.58,4893.56,-88.0
AMZ-100004,2024-03-12,16-03-2024,CUST-1141,Riya,Kolkata,West Bengal,Bharat,600001,Home Office,SKU-97747,Electronics,Audio,Sony WH-1000XM4,3,113153.8,0.3,586.61,UPI,Delivered,Yes,5,INR,237622.98,237622.98,82969.62
AMZ-100103,18/08/2024,2024-08-22,CUST-1328,Riya  ,Chennai,Tamil Nadu,india,110001,Corporate,SKU-60014,Electronics,Mobiles,Samsung A55,1,"₹83,509.95",0.0,1050.96,Credit Card,Returned,Yes,,INR,89993.59,83509.95,14922.44
AMZ-100091,08/05/2024,13/05/2024,CUST-1332,Karthik,Delhi,Delhi,India,201301,Home Office,SKU-33995,Fashion,Watches,Smartwatch Lite,5,"₹104,050.74",0.25,177.37,COD,Delivered,No,2,INR,390190.28,390190.28,73845.34
AMZ-100010,26-11-2024,03-12-2024,CUST-1347,Riya,,Maharashtra,India,500001,Consumer,SKU-75597,Electronics,Audio,JBL Flip 6,1,58282.12,0.0,248.53,Credit Card,Cancelled,No,,INR,58282.12,58282.12,17161.24
AMZ-100049,2024-01-14,2024-01-09,CUST-1050,Bharath,Pune,Maharashtra,India,500001,Consumer,SKU-71875,Electronics,Laptops,HP Pavilion,1,84295.33,0.25,"1,781.11",UPI,canceled,No,1,INR,63221.5,63221.5,17096.92
AMZ-100085,10/02/2024,06/02/2024,CUST-1182,Eshwari,Noida,Uttar Pradesh,India,110001,Consumer,SKU-72236,Home & Kitchen,Furniture,Sofa Cover,5,114824.7,0.3,1901.71,NetBanking,Delivered,No,5,INR,401886.45,401886.45,89715.79
AMZ-100086,05/06/2024,21/01/2025,CUST-1108,Eshwari,Hyderabad,Telangana,India,110001,Corporate,SKU-78493,Home & Kitchen,Appliances,Air Fryer,1,75893.73,20%,192.49,COD,Returned,Yes,1,INR,64446.8,60714.98,14008.08
AMZ-100008,2025-04-11,12-04-2025,CUST-1378,Bharath,Mumbai,Maharashtra,India,400001,Home Office,SKU-72616,Fashion,Watches,Smartwatch Lite,5,32800.72,0.1,859.94,UPI,Cancelled,No,3,INR,147603.24,147603.24,"21,958.87"
AMZ-100070,09/07/2025,2025-07-12,CUST-1024,Omkar,Mumbai,Maharashtra,India,110001,Corporate,SKU-42527,Home & Kitchen,Cookware,Knife Set,1,"77,161.47",0.0,1735.73,NetBanking,Returned,Yes,2,INR,77161.47,77161.47,14397.11
AMZ-100034,20-04-2025,2026-05-08,CUST-1143,Bharath,Hyderabad,Telangana,India,600001,Home Office,SKU-95948,Electronics,Accessories,,1,65195.86,0.1,741.75,COD,Returned,Yes,,INR,58676.27,58676.27,18060.43
AMZ-100119,05-08-2024,2024-08-11,CUST-1291,Hari,Mumbai,Maharashtra,India,411001,Home Office,SKU-82686,Home & Kitchen,Decor,Vase,3,15672.43,0.1,556.72,UPI,Cancelled,Yes,4,INR,34882.26,42315.56,-5220.78
AMZ-100014,09-04-2024,15/04/2024,CUST-1303,Meera,Noida,Uttar Pradesh,India,ABCDE,Consumer,SKU-30232,Books,Children,Comics,4,119729.31,0.1,1223.03,COD,Returned,Yes,5 stars,INR,431025.52,431025.52,106186.93
AMZ-100016,2024-05-10,11-05-2024,CUST-1017,Jay,,,India,201301,Consumer,SKU-73335,Fashion,Women Clothing,Saree Silk,1,63805.49,0.05,1971.44,COD,Returned,Yes,4,INR,60615.22,60615.22,-17872.98
AMZ-100024,03-10-2024,07-10-2024,CUST-1288,Jay,Pune,Maharashtra,India,400001,Home Office,SKU-30631,Home & Kitchen,Decor,Photo Frame,3,27579.52,0.05,"1,964.52",NetBanking,Shipped,No,2,USD,78601.63,78601.63,17293.61
AMZ-100066,19/07/2025,23-07-2025,CUST-1296,Deepak,Mumbai,Maharashtra,India,411001,Home Office,SKU-88231,Electronics,Accessories,USB-C Cable,5,59095.07,0.3,699.15,NetBanking,Delivered,Yes,1,USD,202448.77,206832.74,41715.6
AMZ-100051,11-12-2024,2024-12-15,CUST-1177,Eshwari,Hyderabad,Telangana,India,411001,Home Office,SKU-82970,Bookss,Mobiles,iPhone 14,1,39512.02,0.05,1089.86,COD,Delivered,No,2,INR,37536.42,37536.42,10697.99
AMZ-100109,2024-02-17,2024-02-21,CUST-1394,Tara,Chennai,Tamil Nadu,India,201301,Consumer,SKU-51053,Electronics,Mobiles,Samsung A55,5,"64,423.88",0%,828.3,COD,Delivered,No,3,INR,322119.4,322119.4,69769.14
AMZ-100081,04-08-2024,09/08/2024,CUST-1326,Deepak,Mumbai,Maharashtra,india,110001,Consumer,SKU-73858,Fashion,Men Clothing,Hoodie,1,67511.19,0.15,863.7,NetBanking,Cancelled,Yes,2,USD,66022.18,57384.51,9100.38
AMZ-100009,2024-08-02,2024-08-06,CUST-1053,Jay,Mumbai,Maharashtra,Bharat,500001,Consumer,SKU-82350,Books,Fiction,Mystery Thriller,1,103315.38,0.3,337.67,UPI,Delivered,No,,INR,72320.77,72320.77,17002.91
AMZ-100043,21-01-2024,22-01-2024,CUST-1111,Sohan,Pune,Maharashtra,IND,201301,Home Office,SKU-64890,Books,Children,,1,112351.28,0.05,1860.73,NetBanking,RETURND,Yes,1,INR,79223.07,106733.72,34143.16
AMZ-100013,07/01/2025,10/01/2025,CUST-1045,Riya,Chennai,Tamil Nadu,India,400001,Home Office,SKU-96499,Electronics,Mobiles,iPhone 14,1,"₹30,362.77",0.05,1427.42,NetBanking,Cancelled,No,,INR,28844.63,28844.63,8828.98
AMZ-100028,2024-01-22,2024-01-24,CUST-1360,Sohan,Bengaluru,Karnataka,India,201301,Corporate,SKU-67377,Electronics,Audio,Boat Airdopes,1,106554.75,0.15,177.44,NetBanking,Cancelled,Yes,5,INR,90571.54,90571.54,"31,659.49"
AMZ-100007,01/05/2024,2024-05-03,CUST-1072,Sohan,Chennai,Tamil Nadu,India,,Home Office,SKU-51359,Home & Kitchen,Cookware,Nonstick Pan,1,64812.74,0.05,252.96,COD,Returned,Yes,3,INR,56263.27,61572.1,7625.28
AMZ-100003,16/04/2024,22/04/2024,CUST-1380,,Kolkata,West Bengal,IND,600001,Corporate,SKU-13534,Home & Kitchen,Furniture,Office Chair,1,30064.46,0.2,1084.28,Net Banking,Returned,Yes,4,INR,24051.57,24051.57,7071.17
AMZ-100089,04/06/2025,2025-09-10,CUST-1360,Asha,Hyderabad,Telangana,India,,Corporate,SKU-88792,Home & Kitchen,Furniture,Office Chair,-2,6892.42,0.1,1776.53,Credit Card,Returned,Yes,5 stars,INR,0.0,0.0,-1776.53
AMZ-100097,15/08/2025,17-08-2025,CUST-1374,Pooja,Bengaluru,Karnataka,India,400001,Consumer,SKU-33758,Fashion,Women Clothing,Leggings,2,52246.77,0.2,32.59,UPI,Delivered,No,4,INR,83594.83,83594.83,21652.06
AMZ-100042,08/10/2025,14/10/2025,CUST-1080,Qadir  ,Pune,Maharashtra,India,411001,Home Office,SKU-49221,Home & Kitchen,Furniture,Bookshelf,4,"₹102,166.02",0.1,347.29,Credit Card,Delivered,No,3,INR,367797.67,367797.67,85334.72
AMZ-100037,20-07-2025,24/07/2025,CUST-1082,Chitra,Mumbai,Maharashtra,Bharat,411001,Consumer,SKU-39391,Fashion,Watches,Analog Watch,2,59203.11,0.2,468.07,COD,Delivered,No,,INR,94679.14,94724.98,21167.0
AMZ-100117,2025-10-04,30/09/2025,CUST-1034,Tara,Bengaluru,Karnataka,IND,400001,Consumer,SKU-32214,Books,Fiction,Novel Classic,1,119966.18,0.25,1827.2,Credit Card,Cancelled,No,5,INR,89974.64,89974.64,18368.07
AMZ-100046,22-01-2025,25-01-2025,CUST-1053,Bharath,,Delhi,India,201301,Corporate,SKU-69552,Books,Non-Fiction,History,2,"₹85,127.25",0.3,594.25,COD,Shipped,No,1,INR,"119,178.15",119178.15,18139.56
AMZ-100116,06/04/2025,09-04-2025,CUST-1138,Jay,Mumbai,Maharashtra,IND,700001,Consumer,SKU-54359,Books,Children,Comics,4,32953.44,0.3,1730.8,UPI,Returned,Yes,2,INR,92269.63,92269.63,12675.23
AMZ-100054,2024-04-01,05/04/2024,CUST-1023,Ishita,Hyderabad,Telangana,India,201301,Corporate,SKU-14433,Home & Kitchen,Cookware,Pressure Cooker,1,92445.0,0.15,1930.85,COD,Returned,Yes,5,INR,78578.25,78578.25,18721.12
AMZ-100115,04-09-2025,05-09-2025,CUST-1206,Jay,,West Bengal,India,500001,Corporate,SKU-57483,Electronics,Audio,Sony WH-1000XM4,3,99533.7,0.0,1678.27,UPI,Shipped,No,,INR,292992.15,298601.1,80602.5
AMZ-100082,2024-07-06,12/07/2024,CUST-1187,Karthik,Pune,Maharashtra,Bharat,600001,Consumer,SKU-97821,Home & Kitchen,Cookware,Knife Set,2,12553.34,0%,1073.31,NetBanking,Shipped,No,2,INR,25106.68,25106.68,5229.26
AMZ-100095,18/05/2024,2024-05-19,CUST-1088,Tara,Bengaluru,Karnataka,India,110001,Home Office,SKU-56913,Electronics,Mobiles,Pixel 8,5,71107.86,0.15,758.76,COD,Shipped,No,2,INR,226686.65,302208.4,49666.5
AMZ-100030,14/07/2025,2025-07-20,CUST-1215,Qadir  ,Mumbai,Maharashtra,India,400001,Home Office,SKU-68222,Books,Fiction,Romance Saga,2,112827.93,0.0,20.07,Credit Card,Delivered,Yes,4,INR,225655.86,225655.86,79356.09
AMZ-100067,15-04-2024,18-04-2024,CUST-1099,Meera,Delhi,Delhi,India,500001,Corporate,SKU-73968,Home & Kitchen,Decor,Wall Clock,1,5956.51,0.25,1273.84,UPI,Shipped,No,3,USD,4467.38,4467.38,452.39
AMZ-100031,19/04/2025,2025-04-24,CUST-1113,Tara,Chennai,Tamil Nadu,India,201301,Home Office,SKU-67340,Books,Non-Fiction,,3,65937.86,0.25,,UPI,Shipped,Yes,3,INR,148360.18,148360.18,14180.35
AMZ-100056,2025-03-30,2025-04-05,CUST-1236,Asha,Chennai,Tamil Nadu,India,700001,Corporate,SKU-99709,Home & Kitchen,Appliances,Water Purifier,3,16773.84,0.2,"1,939.38",UPI,Shipped,No,5,₹,"₹40,257.22",40257.22,5533.22
AMZ-100063,22-01-2025,23/01/2025,CUST-1322,Farhan,Noida,Uttar Pradesh,India,700 001,Corporate,SKU-18200,Electronics,Mobiles,Pixel 8,2,68010.82,0.1,,Credit Card,Returned,Yes,,INR,122419.48,122419.48,46921.07
AMZ-100090,09/12/2024,11-12-2024,CUST-1350,,Bengaluru,Karnataka,India,500001,Consumer,SKU-34688,Home & Kitchen,Decor,,3,14223.75,0.15,1379.18,COD,Cancelled,No,,INR,"36,270.56",36270.56,4021.9
AMZ-100036,16/07/2025,17-07-2025,CUST-1389,Meera,Kolkata,West Bengal,India,400001,Corporate,SKU-42717,Electronics,Audio,JBL Flip 6,4,108750.54,10%,1591.67,COD,Shipped,No,3,INR,392121.4,391501.94,87251.41
AMZ-100077,08-09-2024,15-09-2024,CUST-1052,Farhan  ,Chennai,Tamil Nadu,India,201301,Corporate,SKU-99952,Home & Kitchen,Appliances,Air Fryer,5,14355.26,0.2,703.19,UPI,Delivered,Yes,2,INR,57421.04,57421.04,-6130.23
AMZ-100074,27-09-2024,30-09-2024,CUST-1149,Karthik,Hyderabad,Telangana,India,411001,Home Office,SKU-21322,Electrnics,Watches,Analog Watch,3,25906.99,0.25,46.26,UPI,Shipped,Yes,4,INR,58290.73,58290.73,21618.49
AMZ-100088,05-03-2024,2024-03-11,CUST-1137,Latha,Noida,Uttar Pradesh,India,400 001,Home Office,SKU-57235,Electronics,Laptops,HP Pavilion,2,11125.58,0.05,1948.75,NetBanking,Shipped,Yes,1,INR,21138.6,21138.6,190.91
AMZ-100029,2024-09-09,15/09/2024,CUST-1280,Tara,Noida,Uttar Pradesh,India,400001,Home Office,SKU-99838,Fashion,Footwear,Sneakers,3,"107,846.69",0.15,1165.57,NetBanking,Shipped,No,,INR,275009.06,275009.06,78123.71
AMZ-100096,13/05/2025,2025-05-20,CUST-1274,Deepak,Kolkata,West Bengal,India,201301,Corporate,SKU-22451,Bookss,Footwear,Sneakers,2,"₹67,096.39",10%,504.96,Crdit Card,Shipped,No,,INR,120773.5,120773.5,35838.71
AMZ-100045,30/09/2024,2024-10-05,CUST-1173,Eshwari,Chennai,Tamil Nadu,IND,600001,Consumer,SKU-10679,Books,Academic,Coding in Python,1,105309.17,0.0,1698.85,Credit Card,Shipped,No,,INR,105309.17,105309.17,36108.57
AMZ-100112,2025-07-27,2025-07-30,CUST-1118,Latha,Noida,Uttar Pradesh,India,ABCDE,Corporate,SKU-57477,Home&Kitchen,Audio,JBL Flip 6,5,111940.81,0.05,1107.66,Credit Card,Delivered,No,3,USD,531718.85,531718.85,185286.23
AMZ-100058,23/05/2025,28/05/2025,CUST-1064,Eshwari,Bengaluru,Karnataka,India,110001,Home Office,SKU-77166,Home & Kitchen,Furniture,Sofa Cover,1,30252.34,0.05,"1,925.67",NetBanking,Cancelled,Yes,2,INR,28739.72,28739.72,-2362.47
AMZ-100094,03/03/2024,2024-11-01,CUST-1326,Meera  ,Chennai,Tamil Nadu,India,ABCDE,Consumer,SKU-87846,Electronics,Accessories,Wireless Mouse,3,44602.3,0.15,481.0,Credit Card,Shipped,No,3,USD,113735.87,113735.87,14042.15
AMZ-100101,13/01/2025,2025-01-19,CUST-1195,Sohan,Noida,Uttar Pradesh,India,400001,Consumer,SKU-45860,Home & Kitchen,Furniture,Office Chair,5,1655.12,0.2,,Credit Card,Cancelled,No,4,INR,6620.48,6620.48,-782.36
AMZ-100060,24/07/2024,2024-07-19,CUST-1041,Jay,Chennai,Tamil Nadu,India,600001,Consumer,SKU-70505,Books,Academic,Coding in Python,3,53193.24,0.25,196.81,NetBanking,Delivered,No,2,USD,119684.79,119684.79,41111.22
AMZ-100018,04/11/2024,07/11/2024,CUST-1048,Hari,Chennai,Tamil Nadu,IND,700001,Corporate,SKU-98125,Books,Non-Fiction,History,4,96415.95,0.2,1268.29,COD,RETURND,Yes,1,INR,308531.04,308531.04,63505.05
AMZ-100118,05/01/2024,31-12-2023,CUST-1109,Latha,Bengaluru,Karnataka,india,600001,Corporate,SKU-54560,Fashion,Women Clothing,Kurti Set,2,87189.0,0.05,1700.8,NetBanking,Cancelled,No,1,INR,140546.65,165659.1,42171.82
AMZ-100038,2024-08-31,2024-09-05,CUST-1358,Sohan,Mumbai,Maharashtra,Bharat,110001,Consumer,SKU-77908,Fashion,Watches,Analog Watch,2,92272.54,0.0,"1,989.16",COD,Delivered,Yes,4,INR,184545.08,184545.08,45811.09
AMZ-100071,2024-06-10,11-06-2024,CUST-1339,Asha,Chennai,Tamil Nadu,india,400001,Home Office,SKU-38277,Electronics,Accessories,Power Bank 20k,4,96153.53,0.15,782.46,NetBanking,Delivered,Yes,1,INR,326922.0,326922.0,66894.82
AMZ-100061,2024-03-21,26/03/2024,CUST-1283,Nayan,Hyderabad,Telangana,IND,411001,Corporate,SKU-94545,Home & Kitchen,Appliances,Vacuum Cleaner,5,112166.69,0.0,1910.18,UPI,Delivered,No,2,INR,560833.45,560833.45,98272.02
AMZ-100113,08-04-2024,03-04-2024,CUST-1017,Eshwari,Mumbai,Maharashtra,India,400001,Home Office,SKU-32356,Fashion,Footwear,Running Shoes,3,49467.77,0.25,1623.0,UPI,Cancelled,Yes,4,INR,111302.48,111302.48,9932.11
AMZ-100000,12/04/2024,2024-04-18,CUST-1328,Farhan,,Telangana,India,560001,Corporate,SKU-96356,Books,Children,Comics,5,28470.23,0.25,992.65,COD,Returned,Yes,5,INR,108219.58,106763.36,28018.98
AMZ-100076,06-04-2025,2025-04-11,CUST-1120,Karthik,Kolkata,West Bengal,India,110001,Home Office,SKU-69233,Home & Kitchen,Appliances,Mixer Grinder,4,"81,857.00",0.25,1630.79,UPI,Delivered,No,4,INR,245571.0,245571.0,75833.0
AMZ-100080,2024-02-22,28-02-2024,CUST-1233,Sohan,Hyderabad,Telangana,IND,ABCDE,Consumer,SKU-14975,Electronics,Laptops,Lenovo IdeaPad,4,"44,767.14",0.3,1165.28,COD,Delivered,Yes,4,INR,125347.99,125347.99,16366.52
AMZ-100033,25-05-2025,2025-05-27,CUST-1302,Latha,Mumbai,Maharashtra,India,110001,Corporate,SKU-55193,Fashion,Men Clothing,Formal Shirt,3,"78,025.67",0.3,1444.67,UPI,canceled,No,3,INR,163853.91,163853.91,"48,953.80"
AMZ-100105,28/01/2024,31/01/2024,CUST-1286,Latha,Pune,Maharashtra,India,411001,Corporate,SKU-91412,Home&Kitchen,Laptops,,3,"88,504.40",0.1,569.12,NetBanking,Shipped,No,4,INR,238961.88,238961.88,26882.0
AMZ-100011,2025-04-03,2025-04-04,CUST-1380,Farhan,Noida,Uttar Pradesh,India,500001,Corporate,SKU-53228,Electronics,Audio,JBL Flip 6,4,"₹113,160.53",0.25,445.34,NetBanking,Returned,Yes,3,₹,339481.59,339481.59,"78,507.69"
AMZ-100075,2025-03-31,2025-04-03,CUST-1041,Asha,Noida,Uttar Pradesh,India,700001,Consumer,SKU-40339,Home & Kitchen,Decor,Photo Frame,3,82023.89,0.0,1314.89,UPI,Delivered,Yes,2,INR,246071.67,246071.67,-68663.22
AMZ-100044,15/06/2024,22/06/2024,CUST-1391,Ishita,Delhi,Delhi,India,600001,Corporate,SKU-45842,Fashion,Watches,Analog Watch,5,80602.66,0.3,288.77,COD,Delivered,No,3,INR,282109.31,282109.31,68687.27
AMZ-100114,30/06/2025,03/07/2025,CUST-1162,Eshwari,Hyderabad,Telangana,India,560001,Corporate,SKU-66557,Fashion,Women Clothing,Leggings,1,18219.09,0.2,1501.66,UPI,Delivered,No,1,INR,14575.27,14575.27,2610.07
AMZ-100053,05/12/2024,21-08-2025,CUST-1136,Geeta,Chennai,Tamil Nadu,India,411001,Corporate,SKU-51973,Electronics,Laptops,HP Pavilion,3,36530.51,0.1,262.85,COD,Cancelled,No,4,INR,98632.38,98632.38,23737.07
AMZ-100106,14/05/2024,16/05/2024,CUST-1113,Deepak,Hyderabad,Telangana,Bharat,560001,Consumer,SKU-67047,Home & Kitchen,Appliances,Vacuum Cleaner,2,106853.49,0.15,222.44,Credit Card,Returned,Yes,2,INR,163739.43,181650.93,63191.18
AMZ-100005,21/01/2024,23/01/2024,CUST-1126,Geeta,Mumbai,Maharashtra,India,600001,Home Office,SKU-54725,Fashion,Footwear,Loafers,1,111577.71,0.2,598.31,UPI,Shipped,No,,INR,89262.17,89262.17,32281.56
AMZ-100098,26/01/2025,2025-01-28,CUST-1126,Karthik,Kolkata,West Bengal,India,110001,Corporate,SKU-11526,Electronics,Laptops,MacBook Air,3,"6,944.19",0.15,1536.72,NetBanking,Returned,Yes,5,INR,17707.68,17707.68,1175.44
AMZ-100050,29-08-2024,2024-09-05,CUST-1184,Riya,Bengaluru,Karnataka,India,600001,Corporate,SKU-46129,Books,Non-Fiction,Business Strategy,2,45194.21,0.05,882.56,COD,Returned,Yes,2,INR,85869.0,85869.0,16153.18
AMZ-100026,04-04-2025,08-04-2025,CUST-1367,Karthik,Delhi,Delhi,india,201301,Consumer,SKU-54500,Books,Non-Fiction,,1,108069.98,0.1,385.53,UPI,Shipped,No,4,INR,97262.98,97262.98,30382.5
AMZ-100022,2025-01-20,23-01-2025,CUST-1309,Jay,Bengaluru,Karnataka,India,110001,Consumer,SKU-65936,Books,Academic,Math Textbook,3,112874.63,0.3,1874.09,Credit Card,Delivered,No,4,INR,237036.72,237036.72,83161.34
AMZ-100019,09/12/2024,16/12/2024,CUST-1112,Nayan,Chennai,Tamil Nadu,India,560001,Home Office,SKU-64935,Books,Children,Story Book,5,"₹64,385.34",0.0,309.93,UPI,Delivered,No,,INR,323510.34,321926.7,61260.53
AMZ-100041,29/04/2025,03/05/2025,CUST-1143,Tara,Pune,Maharashtra,India,ABCDE,Home Office,SKU-35513,Home & Kitchen,Cookware,Knife Set,4,117643.7,15%,595.95,UPI,Cancelled,No,5 stars,INR,399988.58,399988.58,-113189.07
AMZ-100021,17/02/2025,20-10-2025,CUST-1259,Ishita,Hyderabad,Telangana,IND,110001,Consumer,SKU-70036,Home & Kitchen,Appliances,Water Purifier,1,61548.26,10%,,COD,Shipped,Yes,bad,INR,55393.43,55393.43,"19,855.26"
AMZ-100032,28/02/2024,29/02/2024,CUST-1230,Bharath,Mumbai,Maharashtra,india,400001,Consumer,SKU-65476,Books,Fiction,Sci-Fi Epic,1,21275.02,15%,482.13,UPI,Shipped,Yes,5,INR,16189.31,18083.77,2701.56
AMZ-100089,04/06/2025,2025-09-10,CUST-1360,Asha,Hyderabad,Telangana,India,,Corporate,SKU-88792,Home & Kitchen,Furniture,Office Chair,-2,6892.42,0.1,1776.53,Credit Card,Returned,Yes,5 stars,INR,0.0,0.0,-1776.53
AMZ-100017,23/10/2025,2025-10-29,CUST-1016,Hari,Mumbai,Maharashtra,India,600001,Consumer,SKU-21813,Books,Children,Comics,1,80721.51,0.1,,Credit Card,Shipped,No,1,INR,72649.36,72649.36,23036.3
AMZ-100108,2024-02-02,2024-02-09,CUST-1167,Riya,Kolkata,West Bengal,India,560 001,Home Office,SKU-90856,Electronics,Laptops,HP Pavilion,5,43368.7,0.15,,UPI,Cancelled,No,5,USD,184316.98,184316.98,33149.31
AMZ-100062,15-07-2025,2025-07-16,CUST-1151,Deepak,Kolkata,West Bengal,india,110001,Corporate,SKU-67431,Books,Fiction,Romance Saga,1,66611.17,0.25,1462.78,Credit Card,Cancelled,Yes,5,INR,49958.38,49958.38,"17,805.43"
AMZ-100027,09-11-2024,14-11-2024,CUST-1333,Pooja,Hyderabad,Telangana,India,201301,Corporate,SKU-87518,Fashion,Men Clothing,Formal Shirt,2,84102.57,10%,1714.09,COD,Cancelled,Yes,4,INR,151384.63,151384.63,40468.87
AMZ-100047,23-08-2025,24-08-2025,CUST-1048,Meera,Noida,,India,110001,Consumer,SKU-86344,Books,Fiction,Romance Saga,1,97251.39,0%,1226.91,Credit Card,canceled,Yes,4,INR,97251.39,97251.39,35293.1
AMZ-100079,03-12-2024,05/12/2024,CUST-1143,Riya,Chennai,Tamil Nadu,India,411001,Corporate,SKU-56849,Books,Academic,Math Textbook,1,90123.4,0.1,1981.11,COD,Shipped,No,1,USD,81111.06,81111.06,20422.96
AMZ-100039,2025-05-19,23-05-2025,CUST-1217,Eshwari,Delhi,Delhi,India,411001,Corporate,SKU-92203,Fashion,Women Clothing,Leggings,4,33690.61,0.25,746.62,UPI,Cancelled,No,4,INR,101071.83,101071.83,39213.44
AMZ-100107,19-07-2024,23-07-2024,CUST-1351,Riya  ,Mumbai,Maharashtra,IND,110001,Home Office,SKU-59992,Home&Kitchen,Laptops,Dell Inspiron,1,77692.08,0.05,466.5,UPI,Shipped,No,3,INR,73807.48,73807.48,-23168.03
AMZ-100020,06/05/2025,2025-05-11,CUST-1120,Deepak,Delhi,Delhi,india,110001,Corporate,SKU-86858,Electronics,Audio,JBL Flip 6,1,103031.24,0.15,1358.35,Net Banking,Delivered,No,2,INR,87576.55,87576.55,-33236.46
AMZ-100072,20-07-2024,21/07/2024,CUST-1117,Sohan,Bengaluru,Karnataka,india,110001,Consumer,SKU-96252,Books,Academic,Data Science 101,5,55098.15,10%,"1,643.07",Crdit Card,Returned,Yes,5,INR,247941.68,247941.68,50974.64
AMZ-100028,2024-01-22,2024-01-24,CUST-1360,Sohan,Bengaluru,Karnataka,India,201301,Corporate,SKU-67377,Electronics,Audio,Boat Airdopes,1,106554.75,0.15,177.44,NetBanking,Cancelled,Yes,5,INR,90571.54,90571.54,"31,659.49"
AMZ-100012,2024-03-28,31/03/2024,CUST-1280,Tara,Kolkata,West Bengal,India,560001,Home Office,SKU-30758,Books,Academic,Math Textbook,3,48578.98,0.25,1943.85,COD,Returned,Yes,,INR,109302.7,109302.7,-10217.8
AMZ-100064,02-01-2024,03-01-2024,CUST-1317,Jay,Mumbai,Maharashtra,India,400001,Home Office,SKU-34347,Fashion,Women Clothing,Denim Jacket,1,14104.62,0.2,197.37,UPI,Delivered,No,5,INR,11283.7,11283.7,3261.94
AMZ-100002,27/09/2024,2024-09-29,CUST-1013,Qadir,Noida,Uttar Pradesh,India,201 301,Consumer,SKU-18418,Books,Children,Fairy Tales,4,57148.83,0.2,1022.06,COD,Shipped,Yes,4,USD,182876.26,182876.26,22336.74
AMZ-100087,15-01-2024,18-01-2024,CUST-1344,Tara,Kolkata,West Bengal,India,,Consumer,SKU-46745,Books,Fiction,Novel Classic,4,25684.01,0.2,1585.24,Net Banking,Cancelled,Yes,3,INR,82188.83,82188.83,11820.95
AMZ-100102,04/05/2025,07-05-2025,CUST-1139,Latha,Kolkata,West Bengal,India,400001,Corporate,SKU-98374,Home & Kitchen,Cookware,Pressure Cooker,3,63418.12,0.1,1839.04,COD,Cancelled,No,5,INR,171228.92,171228.92,53656.76
AMZ-100059,04-02-2024,2024-02-01,CUST-1194,,Kolkata,West Bengal,India,500001,Consumer,SKU-27758,Electronics,Mobiles,OnePlus 12R,-2,83577.41,0.2,125.81,UPI,Delivered,No,5,INR,0.0,0.0,-125.81
AMZ-100093,16-04-2025,23/04/2025,CUST-1312,Meera  ,Noida,Uttar Pradesh,India,411001,Corporate,SKU-87158,Fashion,Men Clothing,T-Shirt Cotton,3,61695.99,0.25,1973.41,Crdit Card,Delivered,No,3,INR,138815.98,138815.98,37966.55
AMZ-100048,2024-11-11,16/11/2024,CUST-1195,Eshwari,Bengaluru,Karnataka,India,411001,Corporate,SKU-68556,Home & Kitchen,Appliances,Mixer Grinder,3,820.15,0.15,1598.61,NetBanking,Delivered,No,5,INR,2091.38,2091.38,-1169.85
AMZ-100065,24/01/2025,29/01/2025,CUST-1186,Pooja,Noida,Uttar Pradesh,india,201301,Home Office,SKU-74921,Fashion,Watches,Smartwatch Lite,1,117545.34,0.2,953.61,Credit Card,Cancelled,No,2,INR,94036.27,94036.27,33900.91
AMZ-100055,2025-01-01,07/01/2025,CUST-1374,Riya,Mumbai,Maharashtra,India,500001,Home Office,SKU-79003,Electronics,Audio,Sony WH-1000XM4,5,"101,074.21",0.15,828.59,NetBanking,Delivered,Yes,5,INR,429565.39,429565.39,"80,851.70"
AMZ-100047,23-08-2025,24-08-2025,CUST-1048,Meera,Noida,,India,110001,Consumer,SKU-86344,Books,Fiction,Romance Saga,1,97251.39,0%,1226.91,Credit Card,canceled,Yes,4,INR,97251.39,97251.39,35293.1
AMZ-100023,10-07-2024,2024-07-15,CUST-1014,Nayan,Pune,Maharashtra,India,700001,Home Office,SKU-24184,Home & Kitchen,Cookware,Knife Set,1,"₹41,059.09",0.0,426.05,COD,Cancelled,No,2,INR,42080.18,41059.09,7427.1
AMZ-100069,05-02-2025,2025-02-07,CUST-1036,Eshwari,Chennai,Tamil Nadu,India,201 301,Consumer,SKU-23425,Home & Kitchen,Decor,Lamp,1,64816.96,0.2,334.24,UPI,Returned,Yes,4,INR,51853.57,51853.57,-19309.42
AMZ-100052,18/07/2025,2025-07-19,CUST-1310,Omkar,Delhi,,India,700001,Home Office,SKU-16755,Books,Fiction,Romance Saga,5,70981.42,0.25,508.0,Credit Card,Cancelled,No,3,INR,266180.32,266180.32,102863.02
AMZ-100069,05-02-2025,2025-02-07,CUST-1036,Eshwari,Chennai,Tamil Nadu,India,201 301,Consumer,SKU-23425,Home & Kitchen,Decor,Lamp,1,64816.96,0.2,334.24,UPI,Returned,Yes,4,INR,51853.57,51853.57,-19309.42
AMZ-100068,21/04/2025,2025-04-27,CUST-1361,Sohan,Pune,Maharashtra,IND,560 001,Home Office,SKU-95196,Electronics,Mobiles,Samsung A55,5,"45,077.97",0.05,1867.54,Crdit Card,Returned,Yes,4,INR,214120.36,214120.36,51595.75
AMZ-100082,2024-07-06,12/07/2024,CUST-1187,Karthik,Pune,Maharashtra,Bharat,600001,Consumer,SKU-97821,Home & Kitchen,Cookware,Knife Set,2,12553.34,0%,1073.31,NetBanking,Shipped,No,2,INR,25106.68,25106.68,5229.26
AMZ-100104,10/02/2024,12-02-2024,CUST-1353,Geeta,Kolkata,West Bengal,India,110001,Corporate,SKU-10739,Home & Kitchen,Appliances,Mixer Grinder,5,54653.47,0.2,1396.88,UPI,Returned,Yes,3,INR,218613.88,218613.88,60851.12
AMZ-100073,26/09/2024,24/09/2024,CUST-1396,,Delhi,Delhi,India,110001,Consumer,SKU-25117,Electronics,Mobiles,,3,98486.96,0.05,421.3,UPI,Delivered,No,1,INR,280687.84,280687.84,"88,784.57"
AMZ-100040,10-05-2024,2024-05-11,CUST-1175,Meera,Chennai,Tamil Nadu,India,110001,Home Office,SKU-30932,Home & Kitchen,Furniture,Bookshelf,3,"₹111,412.49",0.0,1110.0,COD,Delivered,No,4,INR,334237.47,334237.47,75200.51
AMZ-100057,03/03/2025,05-03-2025,CUST-1275,Eshwari,Chennai,Tamil Nadu,India,110001,Home Office,SKU-52778,Electronics,Accessories,USB-C Cable,1,5118.93,0.3,872.71,UPI,Delivered,No,5,INR,3583.25,3583.25,-239.24
AMZ-100035,2024-07-08,07/07/2024,CUST-1004,Nayan,Pune,Maharashtra,india,500001,Corporate,SKU-56210,Electronics,Audio,Sennheiser CX,5,29429.2,25%,,COD,Returned,Yes,4,INR,110359.5,110359.5,-26070.81
AMZ-100001,11/03/2025,2025-03-17,CUST-1058,Meera,Mumbai,Maharashtra,India,560001,Corporate,SKU-25906,Home & Kitchen,Cookware,Kadhai,1,"3,244.24",0.2,411.42,UPI,Delivered,No,5,INR,2595.39,2595.39,-70.72
